{"cameraMode":{"drawMode":0,"name":"Shaded","section":"Shading Mode"},"sceneLighting":false,"audioPlay":false,"sceneViewState":{"showFog":true,"showMaterialUpdate":false,"showSkybox":false,"showFlares":true,"showImageEffects":true,"showParticleSystems":true},"in2DMode":false,"pivot":{"x":-82.0469970703125,"y":123.7699966430664,"z":-125.81590270996094},"rotation":{"x":-0.14560255408287049,"y":0.5996849536895752,"z":-0.11212505400180817,"w":-0.7789451479911804},"size":1.4232277870178223,"orthographic":false}