{"cameraMode":{"drawMode":0,"name":"Shaded","section":"Shading Mode"},"sceneLighting":false,"audioPlay":false,"sceneViewState":{"showFog":true,"showMaterialUpdate":false,"showSkybox":false,"showFlares":true,"showImageEffects":true,"showParticleSystems":true},"in2DMode":false,"pivot":{"x":-82.69999694824219,"y":132.7737274169922,"z":-141.0435791015625},"rotation":{"x":0.2365209013223648,"y":-0.38862544298171999,"z":0.10393013060092926,"w":0.8844442367553711},"size":5.822079181671143,"orthographic":false}