{"cameraMode":{"drawMode":0,"name":"Shaded","section":"Shading Mode"},"sceneLighting":false,"audioPlay":false,"sceneViewState":{"showFog":true,"showMaterialUpdate":false,"showSkybox":false,"showFlares":true,"showImageEffects":true,"showParticleSystems":true},"in2DMode":false,"pivot":{"x":-82.69999694824219,"y":133.58364868164063,"z":-140.35623168945313},"rotation":{"x":0.169404998421669,"y":-0.7176050543785095,"z":0.18730351328849793,"w":0.6490703225135803},"size":5.445234775543213,"orthographic":false}