{"cameraMode":{"drawMode":0,"name":"Shaded","section":"Shading Mode"},"sceneLighting":false,"audioPlay":false,"sceneViewState":{"showFog":true,"showMaterialUpdate":false,"showSkybox":false,"showFlares":true,"showImageEffects":true,"showParticleSystems":true},"in2DMode":false,"pivot":{"x":97.15670013427735,"y":12.48873233795166,"z":48.40070724487305},"rotation":{"x":0.005691314581781626,"y":-0.0069014946930110458,"z":-0.00010068920528283343,"w":-1.000045657157898},"size":219.59881591796876,"orthographic":false}